<?xml version="1.0" encoding="UTF-8"?>
<project-private xmlns="http://www.netbeans.org/ns/project-private/1">
    <editor-bookmarks xmlns="http://www.netbeans.org/ns/editor-bookmarks/2" lastBookmarkId="0"/>
    <open-files xmlns="http://www.netbeans.org/ns/projectui-open-files/2">
        <group>
            <file>file:/C:/xampp/htdocs/JSK/stl_user_dtl.php</file>
            <file>file:/C:/xampp/htdocs/JSK/css/create_account.css</file>
            <file>file:/C:/xampp/htdocs/JSK/pay_interest.php</file>
            <file>file:/C:/xampp/htdocs/JSK/money_expense.php</file>
            <file>file:/C:/xampp/htdocs/JSK/convert_pdf.php</file>
            <file>file:/C:/xampp/htdocs/JSK/test_pdf.php</file>
            <file>file:/C:/xampp/htdocs/JSK/header.php</file>
            <file>file:/C:/xampp/htdocs/JSK/check_admin.php</file>
            <file>file:/C:/xampp/htdocs/JSK/updt_stl_loan_det.php</file>
            <file>file:/C:/xampp/htdocs/JSK/set_date.php</file>
            <file>file:/C:/xampp/htdocs/JSK/view_hp_user.php</file>
            <file>file:/C:/xampp/htdocs/JSK/css/pdf_file.css</file>
            <file>file:/C:/xampp/htdocs/JSK/pdf_stl_pending.php</file>
            <file>file:/C:/xampp/htdocs/JSK/add_fin.php</file>
            <file>file:/C:/xampp/htdocs/JSK/tally.php</file>
            <file>file:/C:/xampp/htdocs/JSK/delt_interest.php</file>
            <file>file:/C:/xampp/htdocs/JSK/pdf_hp_pending.php</file>
            <file>file:/C:/xampp/htdocs/JSK/delt_expense.php</file>
            <file>file:/C:/xampp/htdocs/JSK/edit_stl_user.php</file>
            <file>file:/C:/xampp/htdocs/JSK/pay_asal.php</file>
            <file>file:/C:/xampp/htdocs/JSK/stl_customers.php</file>
            <file>file:/C:/xampp/htdocs/JSK/commision.php</file>
            <file>file:/C:/xampp/htdocs/JSK/pay_hp_asal.php</file>
            <file>file:/C:/xampp/htdocs/JSK/pdf.php</file>
            <file>file:/C:/xampp/htdocs/JSK/index.php</file>
            <file>file:/C:/xampp/htdocs/JSK/create_stl_account.php</file>
            <file>file:/C:/xampp/htdocs/JSK/css/homepage.css</file>
            <file>file:/C:/xampp/htdocs/JSK/css/header.css</file>
            <file>file:/C:/xampp/htdocs/JSK/updt_hp_dets.php</file>
            <file>file:/C:/xampp/htdocs/JSK/delt_hp_due.php</file>
            <file>file:/C:/xampp/htdocs/JSK/delt_user.php</file>
            <file>file:/C:/xampp/htdocs/JSK/day_book.php</file>
            <file>file:/C:/xampp/htdocs/JSK/view_stl_user.php</file>
            <file>file:/C:/xampp/htdocs/JSK/add_investers.php</file>
            <file>file:/C:/xampp/htdocs/JSK/load_dbk.php</file>
            <file>file:/C:/xampp/htdocs/JSK/create_hp_account.php</file>
            <file>file:/C:/xampp/htdocs/JSK/edit_hp_user.php</file>
            <file>file:/C:/xampp/htdocs/JSK/htmltopdf.html</file>
            <file>file:/C:/xampp/htdocs/JSK/admin_cont.php</file>
            <file>file:/C:/xampp/htdocs/JSK/stl_pendings.php</file>
            <file>file:/C:/xampp/htdocs/JSK/fin_accounts.php</file>
            <file>file:/C:/xampp/htdocs/JSK/pay_hp_interest.php</file>
            <file>file:/C:/xampp/htdocs/JSK/delt_asal.php</file>
            <file>file:/C:/xampp/htdocs/JSK/hp_pendings.php</file>
        </group>
    </open-files>
</project-private>
